-- CREATE COMAPANY DATABASE
CREATE DATABASE COMPANY;


-- USE COMAPANY DATANASE
USE COMPANY;

SHOW TABLES;
-- CREATE EMPLOYEE TABLE
CREATE TABLE EMPLOYEE(
SSN INT PRIMARY KEY, -- SOCIAL SECURITY NUMBER
NAME VARCHAR(30),
ADDRESS VARCHAR(100),
SEX CHAR(10),
SALARY DECIMAL(10,2),
SUPERSSN INT -- SUPERVISOR SOCIAL SECURITY NUMBER
);

-- CREATE DEPARTMENT TABLE
CREATE TABLE DEPARTMENT(
DNO INT PRIMARY KEY, -- DEPARTMENT NUMBER
DNAME VARCHAR(50),
MGRSSN INT, -- MANAGER SOCIAL SECURITY NUMBER
MgrStartDATE DATE -- DATE WHEN MANAGER STARTED
);

-- ADDING FOREIGN KEY TO DEPARTMENT TABLE
ALTER TABLE DEPARTMENT
ADD FOREIGN KEY(MGRSSN)REFERENCES EMPLOYEE(SSN)
ON DELETE CASCADE
;

-- CREATE DEPARTMENT_LOCATION TABLE 
CREATE TABLE DLOCATION(
DNO INT PRIMARY KEY,
DLOC VARCHAR(300), -- DEPARTMENT LOCATION
FOREIGN KEY(DNO)REFERENCES DEPARTMENT(DNO)
ON DELETE CASCADE
);

-- CREATE PROJECT TABLE
CREATE TABLE PROJECT(
PNO INT PRIMARY KEY,
PNAME VARCHAR(50),
PLOCATION VARCHAR(100),
DNO INT,
FOREIGN KEY(DNO) REFERENCES DEPARTMENT(DNO)
ON DELETE CASCADE
);

-- CREATE WOERK_ON TABLE 
CREATE TABLE WORK_ON(
SSN INT,
PNO INT, 
HOURS DECIMAL(6,2),
PRIMARY KEY(SSN,PNO),
FOREIGN KEY(SSN) REFERENCES EMPLOYEE(SSN)
ON DELETE CASCADE
);

-- ADD FOREIGN KEY TO WORK_ON TABLE
ALTER TABLE WORK_ON
ADD FOREIGN KEY(PNO) REFERENCES PROJECT(PNO)
ON DELETE CASCADE;

-- INSERT DATA INTO EMPLOYEE TABLE
INSERT INTO EMPLOYEE(SSN,NAME,ADDRESS,SEX,SALARY,SUPERSSN)
VALUES
(111,'JOHN','1ST MAIN','MALE',60000.00,112),
(112,'JULIE','2ND MAIN','FEMALE',150000.00,NULL),
(113,'KEVIN','3RD MAIN','MALE',70000.00,112),
(114,'PETER','4TH MAIN','MALE',20000.00,112),
(115,'JOHN','5TH MAIN','FEMALE',50000.00,112);

-- INSERT DATA INTO DEPARTMENT TABLE
INSERT INTO DEPARTMENT(DNO,DNAME,MGRSSN,MgrStartDATE)
VALUES
(1,'FINANCE DEPARTMENT',113,'2020-01-10'),
(2,'MARKETING DEPARTMENT',114,'2020-02-10'),
(3,'RESEARCH DEPARTMENT',115,'2020-03-10'),
(4,'SALES DEPARTMENT',114,'2020-04-10'),
(5,'PRODUCTION DEPARTMENT',112,'2020-05-10');

-- INSERT DATA INTO DEPARTMENT LOCATION TABLE
INSERT INTO DLOCATION(DNO,DLOC)
VALUES
(1,'LONDON'),
(2,'USA'),
(3,'QATAR'),
(4,'SOUTH AFRICA'),
(5,'AUSTRALIA');

-- INSERT DATA INTO PROJECT TABLE
INSERT INTO PROJECT(PNO,PNAME,PLOCATION,DNO)
VALUES
(701,'PROJECT 1','LONDON',1),
(702,'PRJECT 2','USA',2),
(703,'PROJECT 3','QATAR',3),
(704,'PROJECT 4','SOUTH AFRICA',4),
(705,'PROJECT 5','AUSTRALIA',5);

-- INSERT DATA INTO WORK_ON TABLE
INSERT INTO WORK_ON(SSN,PNO,HOURS)
VALUES
(111,701,120.1),
(112,702,130.21),
(113,703,130.41),
(114,704,150.21),
(115,705,90.21);